Date,Last Price
3/9/2020,43750
3/6/2020,44315
3/5/2020,43294
3/4/2020,43146
3/3/2020,42315
3/2/2020,42232
2/28/2020,42352
2/27/2020,42451
2/26/2020,42530
2/25/2020,42717
2/24/2020,43392
2/20/2020,41590
2/19/2020,41491
2/18/2020,40976
2/17/2020,40728
2/14/2020,40676
2/13/2020,40619
2/12/2020,40467
2/11/2020,40468
2/10/2020,40589
2/7/2020,40556
2/6/2020,40406
2/5/2020,40059
2/4/2020,40471
2/3/2020,40703
2/1/2020,40694
1/31/2020,40694
1/30/2020,40717
1/29/2020,40312
1/28/2020,40456
1/27/2020,40638
1/24/2020,40002
1/23/2020,39872
1/22/2020,39912
1/21/2020,39851
1/20/2020,39947
1/17/2020,39804
1/16/2020,39727
1/15/2020,39602
1/14/2020,39602
1/13/2020,39602
1/10/2020,39607
1/9/2020,39706
1/8/2020,40694
1/7/2020,40372
1/6/2020,40678
1/3/2020,39948
1/2/2020,39068
1/1/2020,38995
12/31/2019,39076
12/30/2019,38806
12/27/2019,38791
12/26/2019,38641
12/24/2019,38297
12/23/2019,38128
12/20/2019,37957
12/19/2019,37882
12/18/2019,37955
12/17/2019,37936
12/16/2019,37891
12/13/2019,37691
12/12/2019,37763
12/11/2019,37631
12/10/2019,37590
12/9/2019,37650
12/6/2019,38032
12/5/2019,38042
12/4/2019,38162
12/3/2019,38062
12/2/2019,37795
11/29/2019,37876
11/28/2019,37771
11/27/2019,37751
11/26/2019,37799
11/25/2019,37862
11/22/2019,38157
11/21/2019,38096
11/20/2019,38305
11/19/2019,38069
11/18/2019,37931
11/15/2019,38096
11/14/2019,38217
11/13/2019,38205
11/11/2019,37993
11/8/2019,37919
11/7/2019,38180
11/6/2019,38304
11/5/2019,38565
11/4/2019,38692
11/1/2019,38703
10/31/2019,38650
10/30/2019,38630
10/29/2019,38630
10/25/2019,38630
10/24/2019,38281
10/23/2019,38295
10/22/2019,38173
10/18/2019,38241
10/17/2019,38227
10/16/2019,38203
10/15/2019,38534
10/14/2019,38386
10/11/2019,38154
10/10/2019,38361
10/9/2019,38179
10/7/2019,38043
10/4/2019,38151
10/3/2019,37919
10/1/2019,37201
9/30/2019,37475
9/27/2019,37481
9/26/2019,37622
9/25/2019,38006
9/24/2019,37771
9/23/2019,37743
9/20/2019,37390
9/19/2019,37456
9/18/2019,37542
9/17/2019,37855
9/16/2019,37780
9/13/2019,37592
9/12/2019,37669
9/11/2019,37902
9/9/2019,38254
9/6/2019,38185
9/5/2019,39006
9/4/2019,39011
9/3/2019,39007
8/30/2019,38405
8/29/2019,38743
8/28/2019,38795
8/27/2019,38404
8/26/2019,38578
8/23/2019,37599
8/22/2019,37668
8/21/2019,37550
8/20/2019,37688
8/19/2019,37469
8/16/2019,37466
8/14/2019,37574
8/13/2019,37799
8/9/2019,37270
8/8/2019,37047
8/7/2019,37039
8/6/2019,36463
8/5/2019,36289
8/2/2019,35341
8/1/2019,34572
7/31/2019,34805
7/30/2019,34801
7/29/2019,34730
7/26/2019,34781
7/25/2019,34943
7/24/2019,34897
7/23/2019,34852
7/22/2019,34932
7/19/2019,35091
7/18/2019,34709
7/17/2019,34428
7/16/2019,34583
7/15/2019,34558
7/12/2019,34407
7/11/2019,34575
7/10/2019,34189
7/9/2019,34075
7/8/2019,34437
7/5/2019,34655
7/4/2019,34134
7/3/2019,34134
7/2/2019,33577
7/1/2019,33549
6/28/2019,34006
6/27/2019,33849
6/26/2019,33885
6/25/2019,34329
6/24/2019,34041
6/21/2019,33909
6/20/2019,33520
6/19/2019,32850
6/18/2019,32918
6/17/2019,32733
6/14/2019,33061
6/13/2019,32632
6/12/2019,32590
6/11/2019,32331
6/10/2019,32527
6/7/2019,32607
6/6/2019,32611
6/4/2019,32407
6/3/2019,32206
5/31/2019,32056
5/30/2019,31674
5/29/2019,31802
5/28/2019,31710
5/27/2019,31708
5/24/2019,31591
5/23/2019,31699
5/22/2019,31504
5/21/2019,31540
5/20/2019,31550
5/17/2019,31911
5/16/2019,32051
5/15/2019,32243
5/14/2019,32245
5/13/2019,31961
5/10/2019,31751
5/9/2019,31730
5/8/2019,31776
5/7/2019,31496
5/6/2019,31490
5/3/2019,31220
5/2/2019,31310
4/30/2019,31723
4/26/2019,31764
4/25/2019,31794
4/24/2019,31501
4/23/2019,31560
4/22/2019,31560
4/18/2019,31394
4/16/2019,31641
4/15/2019,31574
4/12/2019,31673
4/11/2019,31770
4/10/2019,31907
4/9/2019,31886
4/8/2019,31930
4/5/2019,31615
4/4/2019,31557
4/3/2019,31454
4/2/2019,31499
4/1/2019,31643
3/29/2019,31601
3/28/2019,31854
3/27/2019,32067
3/26/2019,31987
3/25/2019,32054
3/22/2019,32007
3/20/2019,31812
3/19/2019,31952
3/18/2019,31725
3/15/2019,31966
3/14/2019,31960
3/13/2019,32225
3/12/2019,32033
3/11/2019,32110
3/8/2019,32123
3/7/2019,31982
3/6/2019,32174
3/5/2019,32138
3/1/2019,32819
2/28/2019,33250
2/27/2019,33367
2/26/2019,33264
2/25/2019,33326
2/22/2019,33252
2/21/2019,33531
2/20/2019,33730
2/19/2019,33519
2/18/2019,33371
2/15/2019,33193
2/14/2019,32845
2/13/2019,32855
2/12/2019,32891
2/11/2019,32913
2/8/2019,33043
2/7/2019,33000
2/6/2019,33210
2/5/2019,33239
2/4/2019,33226
2/1/2019,33262
1/31/2019,33209
1/30/2019,33000
1/29/2019,32862
1/28/2019,32691
1/25/2019,32303
1/24/2019,32226
1/23/2019,32341
1/22/2019,32324
1/21/2019,32154
1/18/2019,32276
1/17/2019,32396
1/16/2019,32351
1/15/2019,32117
1/14/2019,32117
1/11/2019,32117
1/10/2019,32116
1/9/2019,31863
1/8/2019,31734
1/7/2019,31764
1/4/2019,31769
1/3/2019,31883
1/2/2019,31792
1/1/2019,31531
12/31/2018,31566
12/28/2018,31547
12/27/2018,31513
12/26/2018,31452
12/24/2018,31190
12/21/2018,31114
12/20/2018,31040
12/19/2018,31043
12/18/2018,31205
12/17/2018,31287
12/14/2018,31374
12/13/2018,31410
12/12/2018,31577
12/11/2018,31616
12/10/2018,31423
12/7/2018,31050
12/6/2018,30987
12/5/2018,30855
12/4/2018,30945
12/3/2018,30664
11/30/2018,30240
11/29/2018,30360
11/28/2018,30394
11/27/2018,30673
11/26/2018,30705
11/22/2018,30834
11/21/2018,30862
11/20/2018,30913
11/19/2018,30918
11/16/2018,30912
11/15/2018,30906
11/14/2018,30759
11/13/2018,30898
11/12/2018,31200
11/9/2018,31773
11/6/2018,31773
11/5/2018,31739
11/2/2018,31565
11/1/2018,31697
10/31/2018,31698
10/30/2018,31688
10/29/2018,31784
10/26/2018,31868
10/25/2018,31736
10/24/2018,31692
10/23/2018,31909
10/22/2018,31607
10/19/2018,31706
10/17/2018,31722
10/16/2018,31799
10/15/2018,31892
10/12/2018,31565
10/11/2018,31310
10/10/2018,31021
10/9/2018,31049
10/8/2018,31156
10/5/2018,31216
10/4/2018,31057
10/3/2018,30997
10/1/2018,30499
9/28/2018,30296
9/27/2018,30575
9/26/2018,30672
9/25/2018,30728
9/24/2018,30664
9/21/2018,30697
9/19/2018,30722
9/18/2018,30737
9/17/2018,30614
9/14/2018,30558
9/12/2018,30478
9/11/2018,30605
9/10/2018,30402
9/7/2018,30402
9/6/2018,30535
9/5/2018,30274
9/4/2018,30191
9/3/2018,30226
8/31/2018,30226
8/30/2018,30099
8/29/2018,30048
8/28/2018,30097
8/27/2018,29869
8/24/2018,29561
8/23/2018,29530
8/21/2018,29529
8/20/2018,29381
8/17/2018,29361
8/16/2018,29361
8/14/2018,29541
8/13/2018,29674
8/10/2018,29477
8/9/2018,29486
8/8/2018,29418
8/7/2018,29521
8/6/2018,29491
8/3/2018,29428
8/2/2018,29577
8/1/2018,29664
7/31/2018,29660
7/30/2018,29773
7/27/2018,29722
7/26/2018,29869
7/25/2018,29904
7/24/2018,29897
7/23/2018,29948
7/20/2018,29849
7/19/2018,29742
7/18/2018,29729
7/17/2018,30044
7/16/2018,30172
7/13/2018,30080
7/12/2018,30147
7/11/2018,30403
7/10/2018,30399
7/9/2018,30622
7/6/2018,30540
7/5/2018,30467
7/4/2018,30510
7/3/2018,30282
7/2/2018,30348
6/29/2018,30341
6/28/2018,30488
6/27/2018,30536
6/26/2018,30394
6/25/2018,30540
6/22/2018,30484
6/21/2018,30437
6/20/2018,30589
6/19/2018,30757
6/18/2018,30693
6/15/2018,31068
6/14/2018,31049
6/13/2018,30385
6/12/2018,30858
6/11/2018,30781
6/8/2018,31027
6/7/2018,30690
6/6/2018,30660
6/5/2018,30623
6/4/2018,30716
6/1/2018,30764
5/31/2018,31026
5/30/2018,30924
5/29/2018,31185
5/28/2018,30901
5/25/2018,31171
5/24/2018,31164
5/23/2018,31176
5/22/2018,31065
5/21/2018,30881
5/18/2018,30921
5/17/2018,30826
5/16/2018,30954
5/15/2018,31342
5/14/2018,31427
5/11/2018,31379
5/10/2018,31261
5/9/2018,31143
5/8/2018,31082
5/7/2018,31191
5/4/2018,31003
5/3/2018,30905
5/2/2018,30918
4/30/2018,31033
4/27/2018,31190
4/26/2018,31289
4/25/2018,31304
4/24/2018,31131
4/23/2018,31213
4/20/2018,31298
4/19/2018,31305
4/18/2018,31276
4/17/2018,31099
4/16/2018,31049
4/13/2018,30874
4/12/2018,31013
4/11/2018,31023
4/10/2018,30624
4/9/2018,30526
4/6/2018,30396
4/5/2018,30491
4/4/2018,30844
4/3/2018,30684
4/2/2018,30443
3/28/2018,30630
3/27/2018,30718
3/26/2018,30756
3/23/2018,30700
3/22/2018,30495
3/21/2018,30300
3/20/2018,30251
3/19/2018,30154
3/16/2018,30299
3/15/2018,30320
3/14/2018,30375
3/13/2018,30238
3/12/2018,30271
3/9/2018,30369
3/8/2018,30459
3/7/2018,30565
3/6/2018,30438
3/5/2018,30488
3/2/2018,30269
3/1/2018,30269
2/28/2018,30398
2/27/2018,30496
2/26/2018,30573
2/23/2018,30390
2/22/2018,30384
2/21/2018,30393
2/20/2018,30567
2/19/2018,30635
2/16/2018,30693
2/15/2018,30542
2/14/2018,30200
2/12/2018,30063
2/9/2018,30007
2/8/2018,29881
2/7/2018,30182
2/6/2018,30433
2/5/2018,30267
2/2/2018,30452
2/1/2018,30286
1/31/2018,30207
1/30/2018,30305
1/29/2018,30223
1/25/2018,30489
1/24/2018,30239
1/23/2018,30058
1/22/2018,29965
1/19/2018,29958
1/18/2018,29891
1/17/2018,30094
1/16/2018,30056
1/15/2018,29838
1/12/2018,29838
1/11/2018,29606
1/10/2018,29563
1/9/2018,29499
1/8/2018,29492
1/5/2018,29443
1/4/2018,29341
1/3/2018,29434
1/2/2018,29374
1/1/2018,29363
12/29/2017,29252
12/28/2017,29250
12/27/2017,29092
12/26/2017,28883
12/22/2017,28686
12/21/2017,28676
12/20/2017,28630
12/19/2017,28629
12/18/2017,28555
12/15/2017,28585
12/14/2017,28411
12/13/2017,28411
12/12/2017,28443
12/11/2017,28535
12/8/2017,28492
12/7/2017,28742
12/6/2017,28977
12/5/2017,29068
12/4/2017,29086
12/1/2017,29176
11/30/2017,29236
11/29/2017,29441
11/28/2017,29453
11/27/2017,29469
11/24/2017,29447
11/23/2017,29499
11/22/2017,29429
11/21/2017,29434
11/20/2017,29634
11/17/2017,29461
11/16/2017,29426
11/15/2017,29544
11/14/2017,29397
11/13/2017,29514
11/10/2017,29501
11/9/2017,29391
11/8/2017,29382
11/7/2017,29312
11/6/2017,29123
11/3/2017,29167
11/2/2017,29206
11/1/2017,29264
10/31/2017,29333
10/30/2017,29269
10/27/2017,29258
10/26/2017,29393
10/25/2017,29372
10/24/2017,29611
10/23/2017,29611
10/20/2017,29611
10/19/2017,29611
10/18/2017,29611
10/17/2017,29671
10/16/2017,29868
10/13/2017,29675
10/12/2017,29732
10/11/2017,29659
10/10/2017,29732
10/9/2017,29594
10/6/2017,29337
10/5/2017,29405
10/4/2017,29428
10/3/2017,29434
9/29/2017,29692
9/28/2017,29667
9/27/2017,29828
9/26/2017,30127
9/25/2017,29713
9/22/2017,29551
9/21/2017,29576
9/20/2017,29753
9/19/2017,29661
9/18/2017,29723
9/15/2017,29925
9/14/2017,29972
9/13/2017,30001
9/12/2017,29876
9/11/2017,30092
9/8/2017,30388
9/7/2017,30164
9/6/2017,30205
9/5/2017,30151
9/4/2017,30165
9/1/2017,29742
8/31/2017,29456
8/30/2017,29601
8/29/2017,29636
8/28/2017,29140
8/24/2017,28879
8/23/2017,28975
8/22/2017,28919
8/21/2017,28944
8/18/2017,29134
8/17/2017,28989
8/16/2017,28726
8/14/2017,28901
8/11/2017,29002
8/10/2017,28901
8/9/2017,28560
8/8/2017,28447
8/7/2017,28554
8/4/2017,28554
8/3/2017,28374
8/2/2017,28467
8/1/2017,28544
7/31/2017,28513
7/28/2017,28443
7/27/2017,28327
7/26/2017,28327
7/25/2017,28423
7/24/2017,28539
7/21/2017,28320
7/20/2017,28165
7/19/2017,28198
7/18/2017,28188
7/17/2017,28036
7/14/2017,27850
7/13/2017,27936
7/12/2017,27878
7/11/2017,27772
7/10/2017,27719
7/7/2017,28009
7/6/2017,28135
7/5/2017,28066
7/4/2017,28149
7/3/2017,28292
6/30/2017,28803
6/29/2017,28782
6/28/2017,28797
6/27/2017,28738
6/23/2017,28753
6/22/2017,28702
6/21/2017,28567
6/20/2017,28531
6/19/2017,28558
6/16/2017,28657
6/15/2017,28703
6/14/2017,28822
6/13/2017,28720
6/12/2017,28878
6/9/2017,28916
6/8/2017,29161
6/7/2017,29232
6/6/2017,29323
6/5/2017,29081
6/2/2017,28757
6/1/2017,28828
5/31/2017,28839
5/30/2017,28849
5/29/2017,28846
5/26/2017,28782
5/25/2017,28702
5/24/2017,28701
5/23/2017,28853
5/22/2017,28673
5/19/2017,28659
5/18/2017,28871
5/17/2017,28294
5/16/2017,28029
5/15/2017,28042
5/12/2017,28066
5/11/2017,27970
5/10/2017,28087
5/9/2017,28100
5/8/2017,28161
5/5/2017,28227
5/4/2017,28184
5/3/2017,28563
5/2/2017,28634
4/28/2017,28887
4/27/2017,28804
4/26/2017,28836
4/25/2017,28972
4/24/2017,29076
4/21/2017,29320
4/20/2017,29249
4/19/2017,29322
4/18/2017,29416
4/17/2017,29400
4/13/2017,29313
4/12/2017,29140
4/11/2017,28814
4/10/2017,28697
4/7/2017,28845
4/6/2017,28796
4/5/2017,28817
4/3/2017,28681
3/31/2017,28527
3/30/2017,28697
3/29/2017,28733
3/28/2017,28834
3/27/2017,28905
3/24/2017,28787
3/23/2017,28870
3/22/2017,28793
3/21/2017,28423
3/20/2017,28539
3/17/2017,28487
3/16/2017,28491
3/15/2017,28084
3/14/2017,28333
3/10/2017,28430
3/9/2017,28662
3/8/2017,28802
3/7/2017,28978
3/6/2017,29176
3/3/2017,29126
3/2/2017,29397
3/1/2017,29464
2/28/2017,29591
2/27/2017,29661
2/23/2017,29300
2/22/2017,29309
2/21/2017,29171
2/20/2017,29289
2/17/2017,29412
2/16/2017,29341
2/15/2017,29042
2/14/2017,29112
2/13/2017,29164
2/10/2017,29015
2/9/2017,29366
2/8/2017,29376
2/7/2017,29305
2/6/2017,29092
2/3/2017,28977
2/2/2017,29207
2/1/2017,29030
1/31/2017,29008
1/30/2017,28820
1/27/2017,28696
1/25/2017,29092
1/24/2017,29259
1/23/2017,29259
1/20/2017,29024
1/19/2017,29053
1/18/2017,29203
1/17/2017,29215
1/16/2017,29018
1/13/2017,28809
1/12/2017,28891
1/11/2017,28678
1/10/2017,28507
1/9/2017,28319
1/6/2017,28302
1/5/2017,28159
1/4/2017,28092
1/3/2017,27791
1/2/2017,27812
12/30/2016,27830
12/29/2016,27671
12/28/2016,27532
12/27/2016,27562
12/26/2016,27269
12/23/2016,27221
12/22/2016,27208
12/21/2016,27343
12/20/2016,27305
12/19/2016,27410
12/16/2016,27305
12/15/2016,27335
12/14/2016,27857
12/13/2016,27844
12/9/2016,28070
12/8/2016,28131
12/7/2016,28233
12/6/2016,28249
12/5/2016,28233
12/2/2016,28401
12/1/2016,28356
11/30/2016,28837
11/29/2016,28891
11/28/2016,28976
11/25/2016,28820
11/24/2016,29013
11/23/2016,29391
11/22/2016,29409
11/21/2016,29368
11/18/2016,29354
11/17/2016,29666
11/16/2016,29808
11/15/2016,29949
11/11/2016,30389
11/10/2016,30648
11/9/2016,30292
11/8/2016,30292
11/7/2016,30421
11/4/2016,30598
11/3/2016,30477
11/2/2016,30551
11/1/2016,30049
10/28/2016,30049
10/27/2016,30072
10/26/2016,30095
10/25/2016,30002
10/24/2016,29959
10/21/2016,29950
10/20/2016,30011
10/19/2016,29957
10/18/2016,29845
10/17/2016,29738
10/14/2016,29752
10/13/2016,29940
10/10/2016,29863
10/7/2016,29783
10/6/2016,29959
10/5/2016,30033
10/4/2016,30725
10/3/2016,30940
9/30/2016,31175
9/29/2016,31096
9/28/2016,31038
9/27/2016,31227
9/26/2016,31305
9/23/2016,31316
9/22/2016,31263
9/21/2016,31106
9/20/2016,30982
9/19/2016,30967
9/16/2016,30920
9/15/2016,31115
9/14/2016,31073
9/12/2016,31212
9/9/2016,31191
9/8/2016,31240
9/7/2016,31278
9/6/2016,31030
9/2/2016,30761
9/1/2016,30703
8/31/2016,30814
8/30/2016,31014
8/29/2016,30999
8/26/2016,31066
8/25/2016,31281
8/24/2016,31281
8/23/2016,31280
8/22/2016,31267
8/19/2016,31252
8/18/2016,31073
8/17/2016,31073
8/16/2016,31295
8/12/2016,31018
8/11/2016,31225
8/10/2016,31180
8/9/2016,30895
8/8/2016,30876
8/5/2016,31285
8/4/2016,31182
8/3/2016,31383
8/2/2016,31283
8/1/2016,31076
7/29/2016,30939
7/28/2016,31025
7/27/2016,30777
7/26/2016,30764
7/25/2016,30688
7/22/2016,30754
7/21/2016,30699
7/20/2016,30742
7/19/2016,30851
7/18/2016,30840
7/15/2016,30889
7/14/2016,30753
7/13/2016,31012
7/12/2016,31139
7/11/2016,31279
7/8/2016,31204
7/7/2016,31529
7/5/2016,31095
7/4/2016,31046
7/1/2016,30980
6/30/2016,30539
6/29/2016,30597
6/28/2016,30698
6/27/2016,31248
6/24/2016,30971
6/23/2016,29639
6/22/2016,29680
6/21/2016,29952
6/20/2016,29856
6/17/2016,29939
6/16/2016,30598
6/15/2016,29873
6/14/2016,29892
6/13/2016,29496
6/10/2016,29167
6/9/2016,29154
6/8/2016,29069
6/7/2016,28927
6/6/2016,29085
6/3/2016,28616
6/2/2016,28678
6/1/2016,28742
5/31/2016,28615
5/30/2016,28408
5/27/2016,28802
5/26/2016,29003
5/25/2016,28980
5/24/2016,29493
5/23/2016,29579
5/20/2016,29729
5/19/2016,29667
5/18/2016,29850
5/17/2016,29861
5/16/2016,29998
5/13/2016,29880
5/12/2016,29735
5/11/2016,29885
5/10/2016,29746
5/9/2016,29909
5/6/2016,30003
5/5/2016,29925
5/4/2016,29986
5/3/2016,30149
5/2/2016,30209
4/29/2016,29918
4/28/2016,29501
4/27/2016,29304
4/26/2016,29062
4/25/2016,29110
4/22/2016,29320
4/21/2016,29479
4/20/2016,29240
4/18/2016,29098
4/13/2016,28901
4/12/2016,29080
4/11/2016,29080
4/8/2016,29080
4/7/2016,29080
4/6/2016,29080
4/5/2016,29080
4/4/2016,29080
4/1/2016,29080
3/31/2016,29080
3/30/2016,29080
3/29/2016,29080
3/28/2016,29080
3/23/2016,29080
3/22/2016,29080
3/21/2016,29080
3/18/2016,29080
3/17/2016,29080
3/16/2016,29080
3/15/2016,29080
3/14/2016,29080
3/11/2016,29080
3/10/2016,29080
3/9/2016,29080
3/8/2016,29455
3/4/2016,29450
3/3/2016,28977
3/2/2016,28800
3/1/2016,29184
2/29/2016,29181
2/26/2016,29187
2/25/2016,29177
2/24/2016,29154
2/23/2016,28840
2/22/2016,28598
2/19/2016,28918
2/18/2016,28560
2/17/2016,28473
2/16/2016,28654
2/15/2016,28459
2/12/2016,29305
2/11/2016,28934
2/10/2016,28199
2/9/2016,28199
2/8/2016,27789
2/5/2016,27486
2/4/2016,27221
2/3/2016,27052
2/2/2016,26867
2/1/2016,26778
1/29/2016,26575
1/28/2016,26808
1/27/2016,26731
1/25/2016,26373
1/22/2016,26186
1/21/2016,26334
1/20/2016,26264
1/19/2016,25976
1/18/2016,26056
1/15/2016,25576
1/14/2016,25576
1/13/2016,25576
1/12/2016,25828
1/11/2016,26003
1/8/2016,25858
1/7/2016,25887
1/6/2016,25648
1/5/2016,25419
1/4/2016,25292
1/1/2016,25042
12/31/2015,24994
12/30/2015,25144
12/29/2015,25196
12/28/2015,25153
12/23/2015,25148
12/22/2015,25307
12/21/2015,25221
12/18/2015,24954
12/17/2015,25136
12/16/2015,25193
12/15/2015,25250
12/14/2015,25344
12/11/2015,25231
12/10/2015,25324
12/9/2015,25505
12/8/2015,25315
12/7/2015,25547
12/4/2015,25143
12/3/2015,24887
12/2/2015,25164
12/1/2015,25235
11/30/2015,25049
11/27/2015,25263
11/26/2015,25338
11/24/2015,25296
11/23/2015,25225
11/20/2015,25488
11/19/2015,25240
11/18/2015,25184
11/17/2015,25304
11/16/2015,25610
11/13/2015,25743
11/10/2015,25743
11/9/2015,25800
11/6/2015,25854
11/5/2015,25803
11/4/2015,25939
11/3/2015,26232
11/2/2015,26387
10/30/2015,26461
10/29/2015,26654
10/28/2015,26807
10/27/2015,26652
10/26/2015,26669
10/23/2015,26764
10/21/2015,26906
10/20/2015,26852
10/19/2015,26711
10/16/2015,26876
10/15/2015,26934
10/14/2015,26642
10/13/2015,26469
10/12/2015,26620
10/9/2015,26388
10/8/2015,26247
10/7/2015,26343
10/6/2015,26242
10/5/2015,26127
10/1/2015,25754
9/30/2015,25979
9/29/2015,26145
9/28/2015,26334
9/24/2015,26424
9/23/2015,26146
9/22/2015,26177
9/21/2015,26630
9/18/2015,26377
9/16/2015,25971
9/15/2015,25859
9/14/2015,25902
9/11/2015,26001
9/10/2015,25952
9/9/2015,26208
9/8/2015,26280
9/7/2015,26401
9/4/2015,26325
9/3/2015,26326
9/2/2015,26585
9/1/2015,26718
8/31/2015,26556
8/28/2015,26371
8/27/2015,26245
8/26/2015,26700
8/25/2015,26700
8/24/2015,27166
8/21/2015,26802
8/20/2015,26351
8/19/2015,25853
8/18/2015,25919
8/17/2015,25804
8/14/2015,25690
8/13/2015,25710
8/12/2015,25597
8/11/2015,25264
8/10/2015,24761
8/7/2015,24668
8/6/2015,24562
8/5/2015,24590
8/4/2015,24696
8/3/2015,24830
7/31/2015,24592
7/30/2015,24684
7/29/2015,24824
7/28/2015,24800
7/27/2015,24951
7/24/2015,24599
7/23/2015,25010
7/22/2015,24828
7/21/2015,25059
7/20/2015,25248
7/17/2015,25693
7/16/2015,25708
7/15/2015,25890
7/14/2015,25858
7/13/2015,25922
7/10/2015,26014
7/9/2015,26026
7/8/2015,25937
7/7/2015,26081
7/6/2015,26086
7/3/2015,26148
7/2/2015,26042
7/1/2015,26263
6/30/2015,26356
6/29/2015,26544
6/26/2015,26349
6/25/2015,26322
6/24/2015,26448
6/23/2015,26509
6/22/2015,26716
6/19/2015,26884
6/18/2015,26844
6/17/2015,26668
6/16/2015,26846
6/15/2015,26630
6/12/2015,26700
6/11/2015,26687
6/10/2015,26772
6/9/2015,26731
6/8/2015,26628
6/5/2015,26556
6/4/2015,26798
6/3/2015,26883
6/2/2015,26914
6/1/2015,26772
5/29/2015,26843
5/28/2015,26858
5/27/2015,26890
5/26/2015,27032
5/25/2015,27066
5/22/2015,27225
5/21/2015,27212
5/20/2015,27253
5/19/2015,27441
5/18/2015,27596
5/15/2015,27252
5/14/2015,27412
5/13/2015,27041
5/12/2015,27100
5/11/2015,26848
5/8/2015,26845
5/7/2015,26904
5/6/2015,26784
5/5/2015,26762
4/30/2015,27047
4/29/2015,26991
4/28/2015,26866
4/27/2015,26632
4/24/2015,26780
4/23/2015,26610
4/22/2015,26741
4/21/2015,26687
4/20/2015,26730
4/17/2015,26605
4/16/2015,26654
4/15/2015,26378
4/13/2015,26544
4/10/2015,26550
4/9/2015,26424
4/8/2015,26697
4/7/2015,26714
4/6/2015,26851
4/1/2015,26169
3/31/2015,26232
3/30/2015,26278
3/27/2015,26484
3/26/2015,26720
3/25/2015,26267
3/24/2015,26231
3/23/2015,26056
3/20/2015,25925
3/19/2015,25810
3/18/2015,25596
3/17/2015,25646
3/16/2015,25838
3/13/2015,25872
3/12/2015,25805
3/11/2015,25882
3/10/2015,25933
3/9/2015,26139
3/5/2015,26545
3/4/2015,26554
3/3/2015,26553
3/2/2015,26745
2/28/2015,26559
2/27/2015,26309
2/26/2015,26571
2/25/2015,26547
2/24/2015,26499
2/23/2015,26429
2/20/2015,26655
2/19/2015,26841
2/18/2015,26660
2/16/2015,27189
2/13/2015,27069
2/12/2015,27081
2/11/2015,27276
2/10/2015,27295
2/9/2015,27343
2/6/2015,27666
2/5/2015,27585
2/4/2015,27731
2/3/2015,27955
2/2/2015,27907
1/30/2015,27630
1/29/2015,27884
1/28/2015,27930
1/27/2015,27775
1/23/2015,28017
1/22/2015,27939
1/21/2015,28168
1/20/2015,27997
1/19/2015,27730
1/16/2015,27468
1/15/2015,27259
1/14/2015,27167
1/13/2015,27167
1/12/2015,26905
1/9/2015,26754
1/8/2015,26818
1/7/2015,27141
1/6/2015,27216
1/5/2015,26760
1/2/2015,26539
1/1/2015,26602
12/31/2014,26774
12/30/2014,26638
12/29/2014,26869
12/26/2014,26895
12/24/2014,26507
12/23/2014,26458
12/22/2014,26784
12/19/2014,26802
12/18/2014,26927
12/17/2014,26901
12/16/2014,26858
12/15/2014,26903
12/12/2014,26891
12/11/2014,26882
12/10/2014,26892
12/9/2014,26441
12/8/2014,26241
12/5/2014,26348
12/4/2014,26362
12/3/2014,26342
12/2/2014,26248
12/1/2014,25851
11/28/2014,26140
11/27/2014,26297
11/26/2014,26329
11/25/2014,26450
11/24/2014,26379
11/21/2014,26397
11/20/2014,26449
11/19/2014,26548
11/18/2014,26562
11/17/2014,26310
11/14/2014,25706
11/13/2014,25824
11/12/2014,25819
11/11/2014,25560
11/10/2014,25923
11/7/2014,25457
11/5/2014,25406
11/3/2014,25944
10/31/2014,25871
10/30/2014,26597
10/29/2014,26946
10/28/2014,27038
10/27/2014,27307
10/22/2014,27307
10/21/2014,27458
10/20/2014,27246
10/17/2014,27259
10/16/2014,27465
10/14/2014,27057
10/13/2014,26946
10/10/2014,26904
10/9/2014,26930
10/8/2014,26918
10/7/2014,26656
10/1/2014,26752
9/30/2014,26772
9/29/2014,26872
9/26/2014,26798
9/25/2014,26467
9/24/2014,26645
9/23/2014,26854
9/22/2014,26374
9/19/2014,26518
9/18/2014,26547
9/17/2014,26849
9/16/2014,27280
9/15/2014,26975
9/12/2014,26902
9/11/2014,26975
9/10/2014,27285
9/9/2014,27153
9/8/2014,27236
9/5/2014,27292
9/4/2014,27428
9/3/2014,27346
9/2/2014,27537
9/1/2014,27761
8/28/2014,27923
8/27/2014,27742
8/26/2014,27831
8/25/2014,27625
8/22/2014,27691
8/21/2014,27795
8/20/2014,27996
8/19/2014,28104
8/18/2014,28117
8/14/2014,28324
8/13/2014,28413
8/12/2014,28469
8/11/2014,28373
8/8/2014,28576
8/7/2014,28375
8/6/2014,28114
8/5/2014,27914
8/4/2014,27993
8/1/2014,27886
7/31/2014,27906
7/30/2014,27781
7/28/2014,27890
7/25/2014,27724
7/24/2014,27801
7/23/2014,27942
7/22/2014,27950
7/21/2014,28108
7/18/2014,28085
7/17/2014,27846
7/16/2014,27808
7/15/2014,27985
7/14/2014,28235
7/11/2014,28470
7/10/2014,28677
7/9/2014,27958
7/8/2014,27828
7/7/2014,27786
7/4/2014,27859
7/3/2014,27901
7/2/2014,27964
7/1/2014,28149
6/30/2014,28093
6/27/2014,28086
6/26/2014,28096
6/25/2014,28193
6/24/2014,28316
6/23/2014,28250
6/20/2014,28147
6/19/2014,27571
6/18/2014,27546
6/17/2014,27309
6/16/2014,27598
6/13/2014,27055
6/12/2014,26793
6/11/2014,26704
6/10/2014,26665
6/9/2014,26633
6/6/2014,26679
6/5/2014,26673
6/4/2014,26731
6/3/2014,26788
6/2/2014,26802
5/30/2014,26893
5/29/2014,26915
5/28/2014,27019
5/27/2014,27476
5/26/2014,27681
5/23/2014,27678
5/22/2014,27784
5/21/2014,28543
5/20/2014,28751
5/19/2014,28859
5/16/2014,28869
5/15/2014,29359
5/13/2014,29667
5/12/2014,29805
5/9/2014,29725
5/8/2014,29687
5/7/2014,30005
5/6/2014,30009
5/5/2014,30035
5/2/2014,29838
4/30/2014,29773
4/29/2014,29773
4/28/2014,29999
4/25/2014,29904
4/23/2014,29788
4/22/2014,29698
4/21/2014,29472
4/17/2014,29497
4/16/2014,29440
4/15/2014,29234
4/11/2014,29224
4/10/2014,29140
4/9/2014,28919
4/7/2014,28691
4/4/2014,28554
4/3/2014,28510
4/2/2014,28234
4/1/2014,28466
3/31/2014,28619
3/28/2014,28439
3/27/2014,28397
3/26/2014,28897
3/25/2014,29058
3/24/2014,29329
3/21/2014,29767
3/20/2014,29665
3/19/2014,29968
3/18/2014,30198
3/14/2014,30382
3/13/2014,30304
3/12/2014,30307
3/11/2014,30147
3/10/2014,30070
3/7/2014,30504
3/6/2014,30158
3/5/2014,30386
3/4/2014,30411
3/3/2014,30606
2/28/2014,30487
2/26/2014,30527
2/25/2014,30538
2/24/2014,30636
2/21/2014,30585
2/20/2014,30476
2/19/2014,30478
2/18/2014,30772
2/17/2014,30823
2/14/2014,30178
2/13/2014,30021
2/12/2014,29957
2/11/2014,30002
2/10/2014,29881
2/7/2014,29801
2/6/2014,29797
2/5/2014,29823
2/4/2014,29774
2/3/2014,29676
1/31/2014,29736
1/30/2014,29809
1/29/2014,29775
1/28/2014,29798
1/27/2014,30076
1/24/2014,29703
1/23/2014,29422
1/22/2014,29495
1/21/2014,29544
1/20/2014,29627
1/17/2014,29402
1/16/2014,29402
1/15/2014,29495
1/13/2014,29495
1/10/2014,29387
1/9/2014,29279
1/8/2014,29337
1/7/2014,29484
1/6/2014,29693
1/3/2014,29877
1/2/2014,29570
1/1/2014,29392
12/31/2013,29075
12/30/2013,29252
12/27/2013,29312
12/26/2013,29519
12/24/2013,29425
12/23/2013,29487
12/20/2013,29526
12/19/2013,29436
12/18/2013,29798
12/17/2013,29863
12/16/2013,29818
12/13/2013,30025
12/12/2013,30194
12/11/2013,30443
12/10/2013,30242
12/9/2013,29921
12/6/2013,30220
12/5/2013,30442
12/4/2013,30310
12/3/2013,30213
12/2/2013,30357
11/29/2013,30499
11/28/2013,30379
11/27/2013,30750
11/26/2013,30898
11/25/2013,30348
11/22/2013,30987
11/21/2013,30858
11/20/2013,31188
11/19/2013,30929
11/18/2013,31026
11/14/2013,31202
11/13/2013,30995
11/12/2013,31174
11/11/2013,30740
11/8/2013,30740
11/7/2013,30815
11/6/2013,30783
11/5/2013,30542
11/1/2013,30626
10/31/2013,30683
10/30/2013,31184
10/29/2013,31174
10/28/2013,31714
10/25/2013,31879
10/24/2013,31700
10/23/2013,31589
10/22/2013,31228
10/21/2013,31181
10/18/2013,31090
10/17/2013,30833
10/15/2013,30063
10/14/2013,30475
10/11/2013,29832
10/10/2013,29933
10/9/2013,29834
10/8/2013,30127
10/7/2013,29754
10/4/2013,29728
10/3/2013,29455
10/1/2013,29929
9/30/2013,30186
9/27/2013,29818
9/26/2013,30030
9/25/2013,29902
9/24/2013,29554
9/23/2013,29489
9/20/2013,30190
9/19/2013,30223
9/18/2013,29406
9/17/2013,29801
9/16/2013,29442
9/14/2013,30020
9/13/2013,29624
9/12/2013,30181
9/11/2013,30222
9/10/2013,30482
9/7/2013,31326
9/6/2013,30860
9/5/2013,31792
9/4/2013,32060
9/3/2013,32621
9/2/2013,31908
8/31/2013,32111
8/30/2013,32207
8/29/2013,32943
8/28/2013,32694
8/27/2013,32694
8/26/2013,31911
8/24/2013,31876
8/23/2013,31444
8/22/2013,31659
8/21/2013,31638
8/20/2013,31357
8/19/2013,31357
8/17/2013,31333
8/16/2013,30644
8/14/2013,29451
8/13/2013,29441
8/12/2013,28919
8/10/2013,28444
8/8/2013,28077
8/7/2013,27862
8/6/2013,28205
8/5/2013,28324
8/3/2013,28371
8/2/2013,27990
8/1/2013,28249
7/31/2013,28600
7/30/2013,28377
7/29/2013,28116
7/27/2013,27895
7/26/2013,27643
7/25/2013,27343
7/24/2013,27673
7/23/2013,27646
7/22/2013,27219
7/20/2013,26799
7/19/2013,26800
7/18/2013,26582
7/17/2013,26625
7/16/2013,26613
7/15/2013,26717
7/13/2013,26760
7/12/2013,26592
7/11/2013,26727
7/10/2013,26213
7/9/2013,26210
7/8/2013,26108
7/6/2013,26098
7/5/2013,26146
7/4/2013,26258
7/3/2013,26211
7/2/2013,26231
7/1/2013,25816
6/29/2013,25778
6/28/2013,25186
6/27/2013,25964
6/26/2013,26111
6/25/2013,26792
6/24/2013,26854
6/22/2013,27081
6/21/2013,26799
6/20/2013,27163
6/19/2013,27883
6/18/2013,28054
6/17/2013,27798
6/15/2013,27827
6/14/2013,27570
6/13/2013,27909
6/12/2013,27624
6/11/2013,27708
6/10/2013,27740
6/8/2013,27469
6/7/2013,27824
6/6/2013,27625
6/5/2013,27069
6/4/2013,27059
6/3/2013,26985
6/1/2013,26850
5/31/2013,27197
5/30/2013,26845
5/29/2013,26515
5/28/2013,26342
5/27/2013,26444
5/24/2013,26408
5/23/2013,26481
5/22/2013,26419
5/21/2013,26347
5/20/2013,25811
5/18/2013,26165
5/17/2013,26255
5/16/2013,26203
5/15/2013,26746
5/14/2013,27005
5/13/2013,26941
5/11/2013,27119
5/10/2013,26940
5/9/2013,27268
5/8/2013,26956
5/7/2013,27059
5/6/2013,27290
5/4/2013,27135
5/3/2013,27384
5/2/2013,26836
4/30/2013,27135
4/29/2013,27386
4/27/2013,27347
4/26/2013,27369
4/25/2013,26976
4/23/2013,26409
4/22/2013,26548
4/20/2013,25959
4/18/2013,25836
4/17/2013,25695
4/16/2013,25896
4/15/2013,26450
4/13/2013,27748
4/12/2013,28842
4/11/2013,28974
4/10/2013,29343
4/9/2013,29250
4/8/2013,29310
4/6/2013,29564
4/5/2013,29098
4/4/2013,28920
4/3/2013,29118
4/2/2013,29496
4/1/2013,29526
3/30/2013,29426
3/28/2013,29564
3/26/2013,29499
3/25/2013,29534
3/23/2013,29709
3/22/2013,29727
3/21/2013,29654
3/20/2013,29754
3/19/2013,29651
3/18/2013,29515
3/16/2013,29325
3/15/2013,29348
3/14/2013,29294
3/13/2013,29484
3/12/2013,29304
3/11/2013,29216
3/9/2013,29216
3/8/2013,29210
3/7/2013,29338
3/6/2013,29353
3/5/2013,29540
3/4/2013,29480
3/2/2013,29532
3/1/2013,29395
2/28/2013,29615
2/27/2013,29585
2/26/2013,29350
2/25/2013,29350
2/23/2013,29309
2/22/2013,29314
2/21/2013,29149
2/20/2013,29568
2/19/2013,29839
2/18/2013,29821
2/16/2013,29794
2/15/2013,30063
2/14/2013,30180
2/13/2013,30231
2/12/2013,30204
2/11/2013,30408
2/9/2013,30483
2/8/2013,30432
2/7/2013,30398
2/6/2013,30302
2/5/2013,30387
2/4/2013,30138
2/2/2013,30108
2/1/2013,29975
1/31/2013,30169
1/30/2013,30202
1/29/2013,30334
1/28/2013,30283
1/24/2013,30564
1/23/2013,30700
1/22/2013,30755
1/21/2013,30396
1/19/2013,30351
1/18/2013,30429
1/17/2013,30508
1/16/2013,30714
1/15/2013,30438
1/14/2013,30438
1/12/2013,30438
1/11/2013,30560
1/10/2013,30356
1/9/2013,30557
1/8/2013,30523
1/7/2013,30660
1/5/2013,30595
1/4/2013,30362
1/3/2013,30807
1/2/2013,30591
1/1/2013,30631
12/31/2012,30446
12/29/2012,30396
12/28/2012,30415
12/27/2012,30388
12/26/2012,30402
12/24/2012,30538
12/22/2012,30590
12/21/2012,30426
12/20/2012,30589
12/19/2012,30567
12/18/2012,31174
12/17/2012,30885
12/15/2012,30885
12/14/2012,30926
12/13/2012,30886
12/12/2012,31059
12/11/2012,31042
12/10/2012,31170
12/8/2012,30983
12/7/2012,30921
12/6/2012,30661
12/5/2012,31047
12/4/2012,31182
12/3/2012,31355
12/1/2012,31173
11/30/2012,31459
11/29/2012,31595
11/27/2012,32313
11/26/2012,32460
11/24/2012,32328
11/23/2012,32087
11/22/2012,31895
11/21/2012,31811
11/20/2012,31841
11/19/2012,31676
11/17/2012,31829
11/16/2012,31829
11/15/2012,31829
11/14/2012,31829
11/12/2012,31829
11/10/2012,31588
11/9/2012,31592
11/8/2012,31200
11/7/2012,31142
11/6/2012,30734
11/5/2012,30610
11/3/2012,30293
11/2/2012,30688
11/1/2012,30923
10/31/2012,30931
10/30/2012,30926
10/29/2012,30916
10/27/2012,30812
10/25/2012,30781
10/23/2012,30773
10/22/2012,30901
10/20/2012,31065
10/19/2012,31213
10/18/2012,30960
10/17/2012,30934
10/16/2012,30792
10/15/2012,30922
10/13/2012,31080
10/12/2012,31153
10/11/2012,31174
10/10/2012,31269
10/9/2012,31230
10/8/2012,31037
10/6/2012,30882
10/5/2012,31014
10/4/2012,30954
10/3/2012,31020
10/1/2012,31097
9/28/2012,31301
9/27/2012,31201
9/26/2012,31518
9/25/2012,31491
9/24/2012,31407
9/22/2012,31562
9/21/2012,31706
9/20/2012,31895
9/18/2012,31710
9/17/2012,31825
9/15/2012,31925
9/14/2012,32147
9/13/2012,31953
9/12/2012,32063
9/11/2012,31929
9/10/2012,31962
9/8/2012,31889
9/7/2012,31277
9/6/2012,31648
9/5/2012,31447
9/4/2012,31300
9/3/2012,31115
9/1/2012,31219
8/31/2012,30735
8/30/2012,30654
8/29/2012,30809
8/28/2012,30737
8/27/2012,30922
8/25/2012,30771
8/24/2012,30716
8/23/2012,30495
8/22/2012,30271
8/21/2012,30030
8/18/2012,29941
8/17/2012,29970
8/16/2012,29872
8/14/2012,29941
8/13/2012,29990
8/11/2012,29816
8/10/2012,29751
8/9/2012,29751
8/8/2012,29638
8/7/2012,29731
8/6/2012,29753
8/4/2012,29675
8/3/2012,29678
8/2/2012,29718
8/1/2012,29755
7/31/2012,29905
7/30/2012,29798
7/28/2012,29792
7/27/2012,29844
7/26/2012,29819
7/25/2012,29690
7/24/2012,29395
7/23/2012,29297
7/21/2012,29227
7/20/2012,29147
7/19/2012,29159
7/18/2012,29170
7/17/2012,29284
7/16/2012,29216
7/14/2012,29160
7/13/2012,29153
7/12/2012,29146
7/11/2012,29178
7/10/2012,29465
7/9/2012,29521
7/7/2012,29472
7/6/2012,29528
7/5/2012,29668
7/4/2012,29401
7/3/2012,29445
7/2/2012,29532
6/29/2012,29510
6/28/2012,29813
6/27/2012,29890
6/26/2012,30046
6/25/2012,29838
6/23/2012,29968
6/22/2012,29961
6/21/2012,30094
6/20/2012,30079
6/19/2012,30251
6/18/2012,30086
6/16/2012,30031
6/15/2012,30097
6/14/2012,30028
6/13/2012,29783
6/12/2012,29584
6/11/2012,29582
6/9/2012,29430
6/8/2012,29252
6/7/2012,29732
6/6/2012,29998
6/5/2012,29900
6/4/2012,29809
6/2/2012,29803
6/1/2012,29016
5/31/2012,29183
5/30/2012,28970
5/29/2012,29139
5/28/2012,29030
5/26/2012,29030
5/25/2012,28840
5/24/2012,29017
5/23/2012,29041
5/22/2012,29033
5/21/2012,29012
5/19/2012,28945
5/18/2012,28800
5/17/2012,28160
5/16/2012,27944
5/15/2012,28118
5/14/2012,28224
5/12/2012,28380
5/11/2012,28379
5/10/2012,28427
5/9/2012,28540
5/8/2012,28936
5/7/2012,29035
5/5/2012,29281
5/4/2012,29125
5/3/2012,29274
5/2/2012,29225
4/30/2012,29175
4/28/2012,29115
4/27/2012,29002
4/26/2012,28868
4/25/2012,28808
4/24/2012,28855
4/23/2012,28613
4/21/2012,28588
4/20/2012,28576
4/19/2012,28443
4/18/2012,28418
4/17/2012,28464
4/16/2012,28414
4/13/2012,28638
4/12/2012,28373
4/11/2012,28423
4/10/2012,28140
4/9/2012,28040
4/7/2012,27875
4/4/2012,27619
4/3/2012,28018
4/2/2012,27975
3/31/2012,28075
3/30/2012,27594
3/29/2012,27594
3/28/2012,27594
3/27/2012,27594
3/26/2012,27594
3/24/2012,27594
3/23/2012,27594
3/22/2012,27594
3/21/2012,27594
3/20/2012,27594
3/19/2012,27594
3/17/2012,27594
3/16/2012,27594
3/15/2012,27300
3/14/2012,27251
3/13/2012,27669
3/12/2012,27867
3/10/2012,27834
3/9/2012,27743
3/7/2012,27661
3/6/2012,27759
3/5/2012,27680
3/3/2012,27825
3/2/2012,27773
3/1/2012,27653
2/29/2012,28599
2/28/2012,28529
2/27/2012,28470
2/25/2012,28440
2/24/2012,28541
2/23/2012,28556
2/22/2012,28264
2/21/2012,27975
2/18/2012,27820
2/17/2012,27870
2/16/2012,27861
2/15/2012,27834
2/14/2012,27745
2/13/2012,27838
2/11/2012,27967
2/10/2012,27892
2/9/2012,28055
2/8/2012,28105
2/7/2012,27570
2/6/2012,27619
2/4/2012,27650
2/3/2012,28102
2/2/2012,28093
2/1/2012,28170
1/31/2012,28122
1/30/2012,27960
1/28/2012,28017
1/27/2012,27874
1/25/2012,27195
1/24/2012,27336
1/23/2012,27505
1/21/2012,27448
1/20/2012,27195
1/19/2012,27450
1/18/2012,27374
1/17/2012,27644
1/16/2012,27428
1/14/2012,27403
1/13/2012,27403
1/12/2012,27704
1/11/2012,27500
1/10/2012,27426
1/9/2012,27575
1/7/2012,27675
1/6/2012,27700
1/5/2012,27664
1/4/2012,27550
1/3/2012,27425
1/2/2012,27136
12/30/2011,27102
12/29/2011,26601
12/28/2011,27401
12/27/2011,27458
12/26/2011,27556
12/24/2011,27600
12/23/2011,27547
12/22/2011,27489
12/21/2011,27836
12/20/2011,27550
12/19/2011,27381
12/17/2011,27390
12/16/2011,27168
12/15/2011,27670
12/14/2011,28419
12/13/2011,28673
12/12/2011,28689
12/10/2011,28930
12/9/2011,28960
12/8/2011,29083
12/7/2011,28851
12/6/2011,28764
12/5/2011,28959
12/3/2011,29002
12/2/2011,28980
12/1/2011,28841
11/30/2011,28841
11/29/2011,28775
11/28/2011,28777
11/26/2011,28450
11/25/2011,28427
11/24/2011,28632
11/23/2011,28631
11/22/2011,28733
11/21/2011,28720
11/19/2011,28694
11/18/2011,28675
11/17/2011,28906
11/16/2011,29123
11/15/2011,28870
11/14/2011,28941
11/12/2011,28890
11/11/2011,28630
11/9/2011,28855
11/8/2011,28639
11/5/2011,27898
11/4/2011,27951
11/3/2011,27621
11/2/2011,27560
11/1/2011,27175
10/31/2011,27201
10/29/2011,26709
10/28/2011,26709
10/27/2011,26709
10/25/2011,26709
10/24/2011,26735
10/22/2011,26608
10/21/2011,26384
10/20/2011,26213
10/19/2011,26310
10/18/2011,26529
10/17/2011,26719
10/15/2011,26887
10/14/2011,26633
10/13/2011,26590
10/12/2011,26745
10/11/2011,26607
10/10/2011,26470
10/8/2011,26196
10/7/2011,26436
10/5/2011,25900
10/4/2011,26710
10/3/2011,26483
10/1/2011,26077
9/30/2011,25951
9/29/2011,25632
9/28/2011,26222
9/27/2011,26629
9/26/2011,26128
9/24/2011,26682
9/23/2011,27308
9/22/2011,27852
9/21/2011,28165
9/20/2011,27761
9/19/2011,28085
9/17/2011,27726
9/16/2011,27345
9/15/2011,27750
9/14/2011,28243
9/13/2011,27836
9/12/2011,27975
9/10/2011,28109
9/9/2011,27703
9/8/2011,27560
9/7/2011,27432
9/6/2011,28005
9/5/2011,28103
9/3/2011,27710
9/2/2011,27627
8/30/2011,26761
8/29/2011,27065
8/27/2011,27684
8/26/2011,26738
8/25/2011,25591
8/24/2011,27508
8/23/2011,27800
8/22/2011,27877
8/20/2011,27877
8/19/2011,27840
8/18/2011,26725
8/17/2011,26347
8/16/2011,26123
8/13/2011,25770
8/12/2011,25770
8/11/2011,26085
8/10/2011,25705
8/9/2011,25826
8/8/2011,24915
8/6/2011,24432
8/5/2011,24134
8/4/2011,24004
8/3/2011,23940
8/2/2011,23370
8/1/2011,23100
7/30/2011,23211
7/29/2011,23142
7/28/2011,23095
7/27/2011,23173
7/26/2011,23120
7/25/2011,23321
7/23/2011,23090
7/22/2011,22988
7/21/2011,23119
7/20/2011,22928
7/19/2011,23158
7/18/2011,23144
7/16/2011,23011
7/15/2011,22852
7/14/2011,22998
7/13/2011,22724
7/12/2011,22439
7/11/2011,22315
7/9/2011,22240
7/8/2011,22028
7/7/2011,22055
7/6/2011,21860
7/5/2011,21710
7/4/2011,21600
7/2/2011,21560
7/1/2011,21615
6/30/2011,21942
6/29/2011,22005
6/28/2011,21985
6/27/2011,21979
6/25/2011,22050
6/24/2011,22206
6/23/2011,22450
6/22/2011,22475
6/21/2011,22489
6/20/2011,22435
6/18/2011,22415
6/17/2011,22252
6/16/2011,22262
6/15/2011,22114
6/14/2011,22075
6/13/2011,22275
6/11/2011,22318
6/10/2011,22410
6/9/2011,22330
6/8/2011,22315
6/7/2011,22501
6/6/2011,22477
6/4/2011,22455
6/3/2011,22254
6/2/2011,22488
6/1/2011,22321
5/31/2011,22505
5/30/2011,22500
5/28/2011,22535
5/27/2011,22425
5/26/2011,22370
5/25/2011,22500
5/24/2011,22353
5/23/2011,22202
5/21/2011,22007
5/20/2011,21843
5/19/2011,21937
5/18/2011,21928
5/16/2011,21950
5/14/2011,21950
5/13/2011,22100
5/12/2011,21702
5/11/2011,22145
5/10/2011,22110
5/9/2011,21980
5/7/2011,21834
5/6/2011,21664
5/5/2011,21850
5/4/2011,22253
5/3/2011,22385
5/2/2011,22480
4/29/2011,22140
4/28/2011,22138
4/27/2011,21813
4/26/2011,21780
4/25/2011,22015
4/23/2011,21979
4/21/2011,21740
4/20/2011,21725
4/19/2011,21637
4/18/2011,21420
4/15/2011,21337
4/13/2011,21137
4/12/2011,21160
4/11/2011,21205
4/9/2011,21224
4/8/2011,21100
4/7/2011,20970
4/6/2011,20988
4/5/2011,20725
4/4/2011,20780
4/2/2011,20730
4/1/2011,20733
3/31/2011,20760
3/30/2011,20682
3/29/2011,20610
3/28/2011,20685
3/26/2011,20820
3/25/2011,20825
3/24/2011,21000
3/23/2011,20925
3/22/2011,20875
3/21/2011,20940
3/19/2011,20805
3/18/2011,20776
3/17/2011,20587
3/16/2011,20555
3/15/2011,20730
3/14/2011,20900
3/12/2011,20871
3/11/2011,20775
3/10/2011,20930
3/9/2011,20943
3/8/2011,21055
3/7/2011,21087
3/5/2011,20980
3/4/2011,20763
3/3/2011,20930
3/1/2011,20745
2/28/2011,20800
2/26/2011,20833
2/25/2011,20725
2/24/2011,20970
2/23/2011,20650
2/22/2011,20623
2/21/2011,20575
2/19/2011,20425
2/18/2011,20420
2/17/2011,20365
2/16/2011,20355
2/15/2011,20325
2/14/2011,20150
2/12/2011,20190
2/11/2011,20250
2/10/2011,20220
2/9/2011,20180
2/8/2011,19982
2/7/2011,20015
2/5/2011,20088
2/4/2011,20085
2/3/2011,19825
2/2/2011,19875
2/1/2011,19975
1/31/2011,19920
1/29/2011,19982
1/28/2011,19670
1/27/2011,19900
1/25/2011,19775
1/24/2011,20065
1/22/2011,20052
1/21/2011,20050
1/20/2011,20275
1/19/2011,20330
1/18/2011,20280
1/17/2011,20205
1/15/2011,20325
1/14/2011,20325
1/13/2011,20325
1/12/2011,20330
1/11/2011,20333
1/10/2011,20282
1/8/2011,20275
1/7/2011,20180
1/6/2011,20310
1/5/2011,20360
1/4/2011,20610
1/3/2011,20675
1/1/2011,20650
12/31/2010,20575
12/30/2010,20650
12/29/2010,20620
12/28/2010,20500
12/27/2010,20405
12/24/2010,20363
12/23/2010,20357
12/22/2010,20430
12/21/2010,20430
12/20/2010,20475
12/18/2010,20420
12/17/2010,20375
12/16/2010,20475
12/15/2010,20533
12/14/2010,20580
12/13/2010,20455
12/11/2010,20381
12/10/2010,20430
12/9/2010,20413
12/8/2010,20518
12/7/2010,20782
12/6/2010,20715
12/4/2010,20710
12/3/2010,20450
12/2/2010,20530
12/1/2010,20575
11/30/2010,20500
11/29/2010,20327
11/27/2010,20350
11/26/2010,20385
11/25/2010,20365
11/24/2010,20510
11/23/2010,20230
11/22/2010,20080
11/20/2010,20066
11/19/2010,20075
11/18/2010,20038
11/16/2010,20085
11/15/2010,20130
11/13/2010,20100
11/12/2010,20233
11/11/2010,20385
11/10/2010,20205
11/9/2010,19645
11/8/2010,19645
11/6/2010,19645
11/4/2010,19645
11/3/2010,19625
11/2/2010,19655
11/1/2010,19730
10/30/2010,19680
10/29/2010,19475
10/28/2010,19300
10/27/2010,19370
10/26/2010,19375
10/25/2010,19450
10/23/2010,19351
10/22/2010,19231
10/21/2010,19460
10/20/2010,19438
10/19/2010,19685
10/18/2010,19675
10/16/2010,19775
10/15/2010,19810
10/14/2010,19870
10/13/2010,19680
10/12/2010,19570
10/11/2010,19530
10/9/2010,19459
10/8/2010,19250
10/7/2010,19575
10/6/2010,19480
10/5/2010,19275
10/4/2010,19110
10/1/2010,19075
9/30/2010,19165
9/29/2010,19170
9/28/2010,19002
9/27/2010,19080
9/25/2010,19112
9/24/2010,19175
9/23/2010,19210
9/22/2010,19175
9/21/2010,19075
9/20/2010,19072
9/18/2010,19130
9/17/2010,19150
9/16/2010,19200
9/15/2010,19185
9/14/2010,19030
9/13/2010,18828
9/9/2010,19060
9/8/2010,19165
9/7/2010,19040
9/6/2010,18965
9/4/2010,18955
9/3/2010,19050
9/2/2010,19120
9/1/2010,19120
8/31/2010,18920
8/30/2010,18915
8/28/2010,18870
8/27/2010,18910
8/26/2010,18960
8/25/2010,18885
8/24/2010,18675
8/23/2010,18675
8/21/2010,18700
8/20/2010,18715
8/19/2010,18650
8/18/2010,18600
8/17/2010,18665
8/16/2010,18650
8/14/2010,18509
8/13/2010,18515
8/12/2010,18375
8/11/2010,18215
8/10/2010,18115
8/9/2010,18175
8/7/2010,18155
8/6/2010,18000
8/5/2010,18025
8/4/2010,18000
8/3/2010,17850
8/2/2010,17775
7/30/2010,17768
7/29/2010,17740
7/28/2010,17740
7/27/2010,18061
7/26/2010,18214
7/24/2010,18243
7/23/2010,18325
7/22/2010,18270
7/21/2010,18380
7/20/2010,18210
7/19/2010,18275
7/17/2010,18300
7/16/2010,18380
7/15/2010,18428
7/14/2010,18442
7/13/2010,18386
7/12/2010,18386
7/10/2010,18380
7/9/2010,18235
7/8/2010,18340
7/7/2010,18280
7/6/2010,18475
7/5/2010,18508
7/3/2010,18508
7/2/2010,18475
7/1/2010,18815
6/30/2010,18805
6/29/2010,18760
6/28/2010,18870
6/26/2010,18834
6/25/2010,18782
6/24/2010,18650
6/23/2010,18720
6/22/2010,18605
6/21/2010,18740
6/19/2010,18825
6/18/2010,18750
6/17/2010,18675
6/16/2010,18710
6/15/2010,18565
6/14/2010,18610
6/12/2010,18719
6/11/2010,18635
6/10/2010,18710
6/9/2010,18955
6/8/2010,19125
6/7/2010,18610
6/5/2010,18785
6/4/2010,18273
6/3/2010,18491
6/2/2010,18664
6/1/2010,18683
5/31/2010,18377
5/29/2010,18477
5/28/2010,18368
5/26/2010,18629
5/25/2010,18418
5/24/2010,18104
5/22/2010,18030
5/21/2010,18040
5/20/2010,18008
5/19/2010,18190
5/18/2010,18010
5/17/2010,18200
5/15/2010,18177
5/14/2010,18315
5/13/2010,18080
5/12/2010,18235
5/11/2010,17930
5/10/2010,17480
5/8/2010,17928
5/7/2010,17825
5/6/2010,17450
5/5/2010,17125
5/4/2010,17275
5/3/2010,17155
4/30/2010,17015
4/29/2010,16975
4/28/2010,16940
4/27/2010,16730
4/26/2010,16765
4/24/2010,16745
4/23/2010,16583
4/22/2010,16650
4/21/2010,16615
4/20/2010,16630
4/19/2010,16510
4/17/2010,16555
4/16/2010,16765
4/15/2010,16750
4/13/2010,16770
4/12/2010,16910
4/10/2010,16778
4/9/2010,16765
4/8/2010,16660
4/7/2010,16535
4/6/2010,16410
4/5/2010,16425
4/3/2010,16460
4/1/2010,16335
3/31/2010,16300
3/30/2010,16365
3/29/2010,16365
3/27/2010,16361
3/26/2010,16290
3/25/2010,16305
3/24/2010,16380
3/23/2010,16410
3/22/2010,16465
3/20/2010,16505
3/19/2010,16665
3/18/2010,16701
3/17/2010,16785
3/16/2010,16610
3/15/2010,16490
3/13/2010,16437
3/12/2010,16590
3/11/2010,16500
3/10/2010,16740
3/9/2010,16650
3/8/2010,16875
3/6/2010,16900
3/5/2010,16915
3/4/2010,17020
3/3/2010,17015
3/2/2010,16800
2/27/2010,16789
2/26/2010,16755
2/25/2010,16460
2/24/2010,16455
2/23/2010,16680
2/22/2010,16825
2/20/2010,16820
2/19/2010,16680
2/18/2010,16600
2/17/2010,16735
2/16/2010,16715
2/15/2010,16535
2/13/2010,16477
2/11/2010,16310
2/10/2010,16330
2/9/2010,16230
2/8/2010,16285
2/6/2010,16277
2/5/2010,16055
2/4/2010,16535
2/3/2010,16705
2/2/2010,16600
2/1/2010,16220
1/30/2010,16230
1/29/2010,16270
1/28/2010,16365
1/27/2010,16480
1/25/2010,16552
1/23/2010,16462
1/22/2010,16430
1/21/2010,16553
1/20/2010,16845
1/19/2010,16848
1/18/2010,16835
1/16/2010,16835
1/15/2010,16785
1/14/2010,16785
1/13/2010,16785
1/12/2010,17030
1/11/2010,17035
1/9/2010,16865
1/8/2010,16714
1/7/2010,16780
1/6/2010,16825
1/5/2010,16870
1/4/2010,16755
1/2/2010,16680
1/1/2010,16660
12/31/2009,16705
12/30/2009,16600
12/29/2009,16755
12/28/2009,16870
12/26/2009,16797
12/24/2009,16765
12/23/2009,16500
12/22/2009,16680
12/21/2009,16930
12/19/2009,16955
12/18/2009,16825
12/17/2009,17095
12/16/2009,17165
12/15/2009,16930
12/14/2009,17000
12/12/2009,16984
12/11/2009,17255
12/10/2009,17075
12/9/2009,17323
12/8/2009,17600
12/7/2009,17360
12/5/2009,17600
12/4/2009,18065
12/3/2009,18188
12/2/2009,18145
12/1/2009,17865
11/30/2009,17650
11/27/2009,17550
11/26/2009,17853
11/25/2009,17665
11/24/2009,17585
11/23/2009,17575
11/21/2009,17405
11/20/2009,17265
11/19/2009,17154
11/18/2009,17160
11/17/2009,16990
11/16/2009,16902
11/14/2009,16823
11/13/2009,16665
11/12/2009,16850
11/11/2009,16767
11/10/2009,16575
11/9/2009,16687
11/7/2009,16640
11/6/2009,16585
11/5/2009,16585
11/4/2009,16642
11/3/2009,16220
10/31/2009,15965
10/30/2009,15955
10/29/2009,15892
10/28/2009,15885
10/27/2009,15860
10/26/2009,15970
10/24/2009,16000
10/23/2009,16030
10/22/2009,15780
10/21/2009,15780
10/20/2009,15780
10/16/2009,15780
10/15/2009,15817
10/14/2009,15980
10/12/2009,15915
10/10/2009,15863
10/9/2009,15832
10/8/2009,15865
10/7/2009,15825
10/6/2009,15675
10/5/2009,15560
10/3/2009,15620
10/1/2009,15625
9/30/2009,15620
9/29/2009,15510
9/26/2009,15526
9/25/2009,15575
9/24/2009,15825
9/23/2009,15855
9/18/2009,15857
9/17/2009,15925
9/16/2009,15975
9/15/2009,15765
9/14/2009,15785
9/12/2009,15838
9/11/2009,15785
9/10/2009,15568
9/9/2009,15700
9/8/2009,15850
9/7/2009,15700
9/5/2009,15735
9/4/2009,15701
9/3/2009,15613
9/2/2009,15210
9/1/2009,15105
8/31/2009,15160
8/29/2009,15128
8/28/2009,15070
8/27/2009,15025
8/26/2009,15038
8/25/2009,15000
8/24/2009,15040
8/22/2009,15015
8/21/2009,14915
8/20/2009,14925
8/19/2009,14870
8/18/2009,14860
8/17/2009,14870
8/14/2009,14959
8/13/2009,14959
8/12/2009,14840
8/11/2009,14790
8/10/2009,14840
8/8/2009,14865
8/7/2009,14934
8/6/2009,14885
8/5/2009,14920
8/4/2009,14774
8/3/2009,14810
8/1/2009,14830
7/31/2009,14680
7/30/2009,14695
7/29/2009,14754
7/28/2009,14955
7/27/2009,14970
7/25/2009,14899
7/24/2009,14910
7/23/2009,14972
7/22/2009,14865
7/21/2009,14857
7/20/2009,14870
7/18/2009,14750
7/17/2009,14735
7/16/2009,14765
7/15/2009,14668
7/14/2009,14625
7/13/2009,14553
7/11/2009,14500
7/10/2009,14453
7/9/2009,14480
7/8/2009,14585
7/7/2009,14564
7/6/2009,14500
7/4/2009,14437
7/3/2009,14448
7/2/2009,14468
7/1/2009,14431
6/30/2009,14558
6/29/2009,14617
6/27/2009,14641
6/26/2009,14710
6/25/2009,14654
6/24/2009,14536
6/23/2009,14470
6/22/2009,14500
6/20/2009,14535
6/19/2009,14530
6/18/2009,14565
6/17/2009,14475
6/16/2009,14436
6/15/2009,14450
6/13/2009,14480
6/12/2009,14606
6/11/2009,14630
6/10/2009,14668
6/9/2009,14625
6/8/2009,14610
6/6/2009,14640
6/5/2009,14838
6/4/2009,14735
6/3/2009,14875
6/2/2009,14828
6/1/2009,14930
5/30/2009,14908
5/29/2009,14845
5/28/2009,14640
5/27/2009,14572
5/26/2009,14575
5/25/2009,14575
5/23/2009,14530
5/22/2009,14525
5/21/2009,14421
5/20/2009,14318
5/19/2009,14266
5/18/2009,14402
5/16/2009,14815
5/15/2009,14821
5/14/2009,14870
5/13/2009,14776
5/12/2009,14630
5/11/2009,14587
5/8/2009,14602
5/7/2009,14582
5/6/2009,14470
5/5/2009,14428
5/4/2009,14375
5/2/2009,14302
4/29/2009,14520
4/28/2009,14665
4/27/2009,14792
4/25/2009,14656
4/24/2009,14660
4/23/2009,14460
4/22/2009,14390
4/21/2009,14470
4/20/2009,14162
4/18/2009,14055
4/17/2009,14036
4/16/2009,14306
4/15/2009,14357
4/13/2009,14302
4/11/2009,14230
4/9/2009,14277
4/8/2009,14388
4/6/2009,14190
4/4/2009,14520
4/3/2009,14653
4/2/2009,14913
4/1/2009,15145
3/31/2009,15066
3/30/2009,15151
3/28/2009,15154
3/27/2009,15145
3/26/2009,15197
3/25/2009,15048
3/24/2009,15175
3/23/2009,15425
3/21/2009,15429
3/20/2009,15479
3/19/2009,15169
3/18/2009,15037
3/17/2009,15180
3/16/2009,15200
3/14/2009,15259
3/13/2009,15190
3/12/2009,15220
3/10/2009,15175
3/9/2009,15501
3/7/2009,15462
3/6/2009,15493
3/5/2009,15221
3/4/2009,15110
3/3/2009,15380
3/2/2009,15747
2/28/2009,15416
2/27/2009,15411
2/26/2009,15303
2/25/2009,15336
2/24/2009,15812
2/21/2009,15658
2/20/2009,15550
2/19/2009,15505
2/18/2009,15448
2/17/2009,15151
2/16/2009,14667
2/14/2009,14630
2/13/2009,14636
2/12/2009,14742
2/11/2009,14372
2/10/2009,14020
2/9/2009,14051
2/7/2009,14213
2/6/2009,14241
2/5/2009,14200
2/4/2009,14020
2/3/2009,14105
2/2/2009,14180
1/31/2009,14276
1/30/2009,14229
1/29/2009,13795
1/28/2009,13905
1/27/2009,14032
1/24/2009,14051
1/23/2009,13800
1/22/2009,13472
1/21/2009,13590
1/20/2009,13180
1/19/2009,13186
1/17/2009,13175
1/16/2009,12965
1/15/2009,12935
1/14/2009,12935
1/13/2009,12935
1/12/2009,13260
1/10/2009,13324
1/9/2009,13314
1/8/2009,13270
1/7/2009,13457
1/6/2009,13165
1/5/2009,13418
1/3/2009,13494
1/2/2009,13547
1/1/2009,13593
12/31/2008,13445
12/30/2008,13476
12/29/2008,13739
12/27/2008,13450
12/26/2008,13075
12/24/2008,12957
12/23/2008,13179
12/22/2008,12995
12/20/2008,12761
12/19/2008,12731
12/18/2008,13175
12/17/2008,13048
12/16/2008,12910
12/15/2008,12860
12/13/2008,12839
12/12/2008,12721
12/11/2008,12827
12/10/2008,12458
12/8/2008,12345
12/6/2008,12150
12/5/2008,12380
12/4/2008,12470
12/3/2008,12560
12/2/2008,12544
12/1/2008,12902
11/29/2008,13136
11/28/2008,13031
11/26/2008,13015
11/25/2008,13040
11/24/2008,13066
11/22/2008,12910
11/21/2008,12320
11/20/2008,12130
11/19/2008,11968
11/18/2008,11948
11/17/2008,11918
11/15/2008,11861
11/14/2008,11760
11/12/2008,11790
11/11/2008,11670
11/10/2008,11755
11/8/2008,11668
11/7/2008,11646
11/6/2008,11560
11/5/2008,11703
11/4/2008,11570
11/3/2008,11736
11/1/2008,11789
10/31/2008,11777
10/29/2008,11750
10/27/2008,11750
10/25/2008,11915
10/24/2008,11456
10/23/2008,11541
10/22/2008,12087
10/21/2008,12506
10/20/2008,12693
10/18/2008,12560
10/17/2008,12602
10/16/2008,13130
10/15/2008,13174
10/14/2008,13056
10/13/2008,13257
10/11/2008,13440
10/10/2008,13895
10/8/2008,13793
10/7/2008,13436
10/6/2008,13110
10/4/2008,12766
10/3/2008,12814
10/1/2008,13081
9/30/2008,13337
9/29/2008,13125
9/27/2008,13027
9/26/2008,12943
9/25/2008,13013
9/24/2008,13039
9/23/2008,13046
9/22/2008,12730
9/20/2008,12656
9/19/2008,12418
9/18/2008,13011
9/17/2008,11720
9/16/2008,11817
9/15/2008,11627
9/13/2008,11414
9/12/2008,11335
9/11/2008,11245
9/10/2008,11441
9/9/2008,11671
9/8/2008,11721
9/6/2008,11672
9/5/2008,11579
9/4/2008,11677
9/2/2008,11669
9/1/2008,11890
8/30/2008,11922
8/29/2008,11875
8/28/2008,11906
8/27/2008,11854
8/26/2008,11648
8/25/2008,11725
8/23/2008,11804
8/22/2008,11770
8/21/2008,11741
8/20/2008,11688
8/19/2008,11398
8/18/2008,11332
8/16/2008,11221
8/14/2008,11656
8/13/2008,11349
8/12/2008,11276
8/11/2008,11775
8/9/2008,11721
8/8/2008,11779
8/7/2008,12026
8/6/2008,12094
8/5/2008,12109
8/4/2008,12446
8/2/2008,12490
8/1/2008,12498
7/31/2008,12530
7/30/2008,12438
7/29/2008,12760
7/28/2008,12792
7/26/2008,12700
7/25/2008,12744
7/24/2008,12606
7/23/2008,12745
7/22/2008,13408
7/21/2008,13323
7/19/2008,13190
7/18/2008,13280
7/17/2008,13229
7/16/2008,13492
7/15/2008,13596
7/14/2008,13289
7/12/2008,13304
7/11/2008,13143
7/10/2008,12926
7/9/2008,12827
7/8/2008,12844
7/7/2008,12838
7/5/2008,13002
7/4/2008,12973
7/3/2008,13135
7/2/2008,13001
7/1/2008,12988
6/30/2008,12936
6/28/2008,12847
6/27/2008,12742
6/26/2008,12328
6/25/2008,12245
6/24/2008,12352
6/23/2008,12514
6/21/2008,12504
6/20/2008,12555
6/19/2008,12344
6/18/2008,12293
6/17/2008,12268
6/16/2008,12206
6/14/2008,12088
6/13/2008,11970
6/12/2008,12055
6/11/2008,12124
6/10/2008,12315
6/9/2008,12550
6/7/2008,12491
6/6/2008,12219
6/5/2008,12071
6/4/2008,12144
6/3/2008,12300
6/2/2008,12173
5/31/2008,12209
5/30/2008,12145
5/29/2008,12367
5/28/2008,12360
5/27/2008,12805
5/26/2008,12781
5/24/2008,12765
5/23/2008,12770
5/22/2008,12808
5/21/2008,12801
5/20/2008,12455
5/17/2008,12385
5/16/2008,12173
5/15/2008,11902
5/14/2008,11845
5/13/2008,11952
5/12/2008,11991
5/10/2008,11901
5/9/2008,11920
5/8/2008,11726
5/7/2008,11636
5/6/2008,11579
5/5/2008,11395
5/3/2008,11292
5/2/2008,11230
4/30/2008,11404
4/29/2008,11604
4/28/2008,11603
4/26/2008,11546
4/25/2008,11512
4/24/2008,11706
4/23/2008,11870
4/22/2008,11819
4/21/2008,11902
4/19/2008,11876
4/17/2008,12255
4/16/2008,12120
4/15/2008,12078
4/12/2008,11973
4/11/2008,11958
4/10/2008,12105
4/9/2008,11719
4/8/2008,11925
4/7/2008,11869
4/5/2008,11804
4/4/2008,11718
4/3/2008,11619
4/2/2008,11543
4/1/2008,11656
3/31/2008,12110
3/29/2008,12008
3/28/2008,12220
3/27/2008,12319
3/26/2008,12287
3/25/2008,12127
3/24/2008,11995
3/20/2008,12086
3/19/2008,12939
3/18/2008,13186
3/17/2008,13434
3/15/2008,13053
3/14/2008,12973
3/13/2008,12866
3/12/2008,12698
3/11/2008,12829
3/10/2008,12714
3/8/2008,12741
3/7/2008,12805
3/6/2008,12839
3/5/2008,12513
3/4/2008,12757
3/3/2008,12709
3/1/2008,12500
2/29/2008,12458
2/28/2008,12302
2/27/2008,12298
2/26/2008,12044
2/25/2008,12224
2/23/2008,12196
2/22/2008,12177
2/21/2008,12217
2/20/2008,12000
2/19/2008,11815
2/18/2008,11632
2/16/2008,11586
2/15/2008,11664
2/14/2008,11654
2/13/2008,11608
2/12/2008,11803
2/11/2008,11841
2/9/2008,11804
2/8/2008,11712
2/7/2008,11612
2/6/2008,11439
2/5/2008,11407
2/4/2008,11488
2/2/2008,11554
2/1/2008,11861
1/31/2008,11751
1/30/2008,11769
1/29/2008,11835
1/28/2008,11676
1/25/2008,11709
1/24/2008,11397
1/23/2008,11341
1/22/2008,11073
1/21/2008,11135
1/19/2008,11238
1/18/2008,11120
1/17/2008,11242
1/16/2008,11223
1/15/2008,11469
1/14/2008,11352
1/12/2008,11352
1/11/2008,11296
1/10/2008,11097
1/9/2008,11225
1/8/2008,11071
1/7/2008,10906
1/5/2008,10955
1/4/2008,10921
1/3/2008,11009
1/2/2008,10761
1/1/2008,10631
12/31/2007,10658
12/29/2007,10684
12/28/2007,10592
12/27/2007,10489
12/26/2007,10387
12/24/2007,10371
12/22/2007,10398
12/21/2007,10271
12/20/2007,10232
12/19/2007,10265
12/18/2007,10218
12/17/2007,10108
12/15/2007,10175
12/14/2007,10139
12/13/2007,10317
12/12/2007,10270
12/11/2007,10256
12/10/2007,10203
12/8/2007,10155
12/7/2007,10195
12/6/2007,10082
12/5/2007,10267
12/4/2007,10113
12/3/2007,10018
12/1/2007,10068
11/30/2007,10206
11/29/2007,10355
11/28/2007,10282
11/27/2007,10574
11/26/2007,10693
11/23/2007,10354
11/22/2007,10243
11/21/2007,10137
11/20/2007,10050
11/19/2007,10061
11/17/2007,10028
11/16/2007,10052
11/15/2007,10228
11/14/2007,10321
11/13/2007,10234
11/12/2007,10388
11/10/2007,10521
11/9/2007,10521
11/8/2007,10599
11/7/2007,10710
11/6/2007,10401
11/5/2007,10204
11/3/2007,10247
11/2/2007,10073
11/1/2007,10090
10/31/2007,9995
10/30/2007,9992
10/29/2007,10110
10/27/2007,10018
10/26/2007,9911
10/25/2007,9810
10/24/2007,9703
10/23/2007,9746
10/22/2007,9694
10/20/2007,9847
10/19/2007,9890
10/18/2007,9763
10/17/2007,9740
10/16/2007,9685
10/15/2007,9617
10/13/2007,9556
10/12/2007,9538
10/11/2007,9497
10/10/2007,9469
10/9/2007,9339
10/8/2007,9415
10/6/2007,9491
10/5/2007,9419
10/4/2007,9302
10/3/2007,9396
10/1/2007,9520
9/29/2007,9554
9/28/2007,9472
9/27/2007,9419
9/26/2007,9391
9/25/2007,9332
9/24/2007,9473
9/22/2007,9436
9/21/2007,9483
9/20/2007,9418
9/19/2007,9423
9/18/2007,9428
9/17/2007,9332
9/14/2007,9266
9/13/2007,9263
9/12/2007,9322
9/11/2007,9277
9/10/2007,9284
9/8/2007,9250
9/7/2007,9206
9/6/2007,9064
9/5/2007,9030
9/4/2007,8952
9/3/2007,8925
9/1/2007,8925
8/31/2007,8897
8/30/2007,8886
8/29/2007,8884
8/28/2007,8897
8/27/2007,8879
8/25/2007,8895
8/24/2007,8817
8/23/2007,8834
8/22/2007,8750
8/21/2007,8783
8/20/2007,8772
8/18/2007,8825
8/17/2007,8766
8/16/2007,8881
8/14/2007,8826
8/13/2007,8848
8/11/2007,8859
8/10/2007,8720
8/9/2007,8782
8/8/2007,8842
8/7/2007,8784
8/6/2007,8845
8/4/2007,8808
8/3/2007,8709
8/2/2007,8739
8/1/2007,8684
7/31/2007,8750
7/30/2007,8707
7/28/2007,8700
7/27/2007,8711
7/26/2007,8841
7/25/2007,8874
7/24/2007,8911
7/23/2007,8932
7/21/2007,8937
7/20/2007,8858
7/19/2007,8813
7/18/2007,8758
7/17/2007,8694
7/16/2007,8748
7/14/2007,8753
7/13/2007,8761
7/12/2007,8735
7/11/2007,8707
7/10/2007,8663
7/9/2007,8615
7/7/2007,8605
7/6/2007,8513
7/5/2007,8615
7/4/2007,8601
7/3/2007,8642
7/2/2007,8595
6/29/2007,8600
6/28/2007,8566
6/27/2007,8547
6/26/2007,8641
6/25/2007,8645
6/23/2007,8661
6/22/2007,8654
6/21/2007,8638
6/20/2007,8748
6/19/2007,8680
6/18/2007,8719
6/16/2007,8711
6/15/2007,8639
6/14/2007,8631
6/13/2007,8581
6/12/2007,8628
6/11/2007,8639
6/9/2007,8675
6/8/2007,8738
6/7/2007,8858
6/6/2007,8836
6/5/2007,8838
6/4/2007,8822
6/2/2007,8823
6/1/2007,8744
5/31/2007,8666
5/30/2007,8677
5/29/2007,8661
5/28/2007,8636
5/26/2007,8652
5/25/2007,8643
5/24/2007,8718
5/23/2007,8699
5/22/2007,8740
5/21/2007,8721
5/19/2007,8766
5/18/2007,8749
5/17/2007,8777
5/16/2007,8890
5/15/2007,8856
5/14/2007,8957
5/12/2007,9004
5/11/2007,8961
5/10/2007,9064
5/9/2007,9111
5/8/2007,9080
5/7/2007,9110
5/4/2007,9068
5/3/2007,9031
5/2/2007,8996
5/1/2007,9076
4/30/2007,9077
4/28/2007,9098
4/27/2007,9009
4/26/2007,9072
4/25/2007,9114
4/24/2007,9236
4/23/2007,9338
4/21/2007,9381
4/20/2007,9352
4/19/2007,9372
4/18/2007,9393
4/17/2007,9367
4/16/2007,9380
4/13/2007,9388
4/12/2007,9429
4/11/2007,9434
4/10/2007,9399
4/9/2007,9375
4/7/2007,9407
4/6/2007,9405
4/5/2007,9393
4/4/2007,9313
4/3/2007,9302
4/2/2007,9341
3/30/2007,9360
3/29/2007,9401
3/28/2007,9312
3/27/2007,9319
3/26/2007,9276
3/24/2007,9300
3/23/2007,9365
3/22/2007,9404
3/21/2007,9339
3/20/2007,9310
3/19/2007,9357
3/17/2007,9346
3/16/2007,9318
3/15/2007,9264
3/14/2007,9210
3/13/2007,9291
3/12/2007,9353
3/10/2007,9344
3/9/2007,9380
3/8/2007,9407
3/7/2007,9312
3/6/2007,9311
3/5/2007,9227
3/3/2007,9260
3/2/2007,9512
3/1/2007,9645
2/28/2007,9685
2/27/2007,9743
2/26/2007,9761
2/24/2007,9689
2/23/2007,9618
2/22/2007,9659
2/21/2007,9433
2/20/2007,9555
2/19/2007,9571
2/17/2007,9536
2/16/2007,9504
2/15/2007,9534
2/14/2007,9514
2/13/2007,9470
2/12/2007,9458
2/10/2007,9451
2/9/2007,9409
2/8/2007,9290
2/7/2007,9355
2/6/2007,9338
2/5/2007,9256
2/3/2007,9266
2/2/2007,9358
2/1/2007,9330
1/31/2007,9247
1/30/2007,9213
1/29/2007,9233
1/27/2007,9264
1/25/2007,9335
1/24/2007,9234
1/23/2007,9147
1/22/2007,9106
1/20/2007,9125
1/19/2007,9044
1/18/2007,9095
1/17/2007,8952
1/16/2007,9008
1/15/2007,9069
1/13/2007,9074
1/12/2007,8896
1/11/2007,8886
1/10/2007,8866
1/9/2007,8871
1/8/2007,8822
1/6/2007,8757
1/5/2007,9025
1/4/2007,9054
1/3/2007,9198
1/2/2007,9208
1/1/2007,9188
12/30/2006,9188
12/29/2006,9158
12/28/2006,9064
12/26/2006,9069
12/23/2006,9030
12/22/2006,9010
12/21/2006,9059
12/20/2006,9069
12/19/2006,9005
12/18/2006,9020
12/16/2006,8985
12/15/2006,9134
12/14/2006,9153
12/13/2006,9198
12/12/2006,9193
12/11/2006,9139
12/9/2006,9149
12/8/2006,9208
12/7/2006,9178
12/6/2006,9277
12/5/2006,9332
12/4/2006,9371
12/2/2006,9381
12/1/2006,9396
11/30/2006,9302
11/29/2006,9297
11/28/2006,9302
11/27/2006,9287
11/25/2006,9297
11/24/2006,9272
11/23/2006,9193
11/22/2006,9158
11/21/2006,9149
11/20/2006,9153
11/18/2006,9114
11/17/2006,9064
11/16/2006,9163
11/15/2006,9168
11/14/2006,9183
11/13/2006,9213
11/11/2006,9158
11/10/2006,9178
11/9/2006,8985
11/8/2006,9114
11/7/2006,9153
11/6/2006,9163
11/4/2006,9168
11/3/2006,9153
11/2/2006,9010
11/1/2006,8931
10/31/2006,8837
10/30/2006,8886
10/28/2006,8851
10/27/2006,8715
10/26/2006,8748
10/25/2006,8748
10/24/2006,8748
10/23/2006,8748
10/21/2006,8748
10/20/2006,8851
10/19/2006,8728
10/18/2006,8757
10/17/2006,8802
10/16/2006,8777
10/14/2006,8748
10/13/2006,8574
10/12/2006,8569
10/11/2006,8515
10/10/2006,8584
10/9/2006,8614
10/7/2006,8540
10/6/2006,8545
10/5/2006,8535
10/4/2006,8663
10/3/2006,8861
9/30/2006,8960
9/29/2006,9035
9/28/2006,9064
9/27/2006,8950
9/26/2006,8822
9/25/2006,8812
9/23/2006,8723
9/22/2006,8881
9/21/2006,8673
9/20/2006,8658
9/19/2006,8757
9/18/2006,8767
9/16/2006,8728
9/15/2006,8688
9/14/2006,8941
9/13/2006,8822
9/12/2006,8995
9/11/2006,9000
9/9/2006,9198
9/8/2006,9248
9/7/2006,9535
9/6/2006,9569
9/5/2006,9500
9/4/2006,9450
9/2/2006,9485
9/1/2006,9455
8/31/2006,9406
8/30/2006,9317
8/29/2006,9351
8/28/2006,9455
8/26/2006,9455
8/25/2006,9441
8/24/2006,9460
8/23/2006,9475
8/22/2006,9475
8/21/2006,9406
8/19/2006,9297
8/18/2006,9322
8/17/2006,9510
8/16/2006,9495
8/14/2006,9510
8/12/2006,9554
8/11/2006,9703
8/10/2006,9787
8/9/2006,9743
8/8/2006,9743
8/7/2006,9832
8/5/2006,9762
8/4/2006,9782
8/3/2006,9802
8/2/2006,9861
8/1/2006,9620
7/31/2006,9609
7/29/2006,9652
7/28/2006,9589
7/27/2006,9609
7/26/2006,9391
7/25/2006,9465
7/24/2006,9371
7/22/2006,9455
7/21/2006,9584
7/20/2006,9752
7/19/2006,9465
7/18/2006,9777
7/17/2006,10050
7/15/2006,9990
7/14/2006,9901
7/13/2006,9777
7/12/2006,9703
7/11/2006,9431
7/10/2006,9366
7/8/2006,9416
7/7/2006,9446
7/6/2006,9342
7/5/2006,9356
7/3/2006,9282
7/1/2006,9139
6/30/2006,8970
6/29/2006,8787
6/28/2006,8812
6/27/2006,8772
6/26/2006,8772
6/24/2006,8723
6/23/2006,8703
6/22/2006,8842
6/21/2006,8594
6/20/2006,8520
6/19/2006,8480
6/16/2006,8639
6/15/2006,8569
6/14/2006,8440
6/13/2006,8856
6/12/2006,9050
6/10/2006,9079
6/9/2006,9134
6/8/2006,9282
6/7/2006,9332
6/6/2006,9480
6/5/2006,9614
6/3/2006,9530
6/2/2006,9455
6/1/2006,9540
5/31/2006,9851
5/30/2006,9797
5/29/2006,9665
5/27/2006,9720
5/26/2006,9710
5/25/2006,9569
5/24/2006,9891
5/23/2006,9757
5/22/2006,9590
5/20/2006,9767
5/19/2006,10064
5/18/2006,10183
5/17/2006,10460
5/16/2006,10134
5/15/2006,10223
5/13/2006,10445
5/12/2006,10668
5/11/2006,10346
5/10/2006,10250
5/9/2006,9960
5/8/2006,9925
5/6/2006,9950
5/5/2006,9916
5/4/2006,9727
5/3/2006,9827
5/2/2006,9604
4/29/2006,9520
4/28/2006,9332
4/27/2006,9342
4/26/2006,9233
4/25/2006,9205
4/24/2006,9262
4/22/2006,9405
4/21/2006,9120
4/20/2006,9425
4/19/2006,9175
4/18/2006,9060
4/17/2006,8900
4/15/2006,8825
4/13/2006,8750
4/12/2006,8755
4/11/2006,8735
4/10/2006,8702
4/8/2006,8575
4/7/2006,8635
4/6/2006,8615
4/5/2006,8460
4/4/2006,8480
4/3/2006,8555
4/1/2006,8480
3/31/2006,8515
3/30/2006,8415
3/29/2006,8250
3/28/2006,8240
3/27/2006,8215
3/25/2006,8180
3/24/2006,8045
3/23/2006,7995
3/22/2006,8005
3/21/2006,8045
3/20/2006,8055
3/18/2006,8055
3/17/2006,8060
3/16/2006,8040
3/14/2006,7945
3/13/2006,7915
3/11/2006,7885
3/10/2006,7940
3/9/2006,7975
3/8/2006,7980
3/7/2006,8050
3/6/2006,8225
3/4/2006,8185
3/3/2006,8240
3/2/2006,8170
3/1/2006,8150
2/28/2006,8080
2/27/2006,8080
2/25/2006,8100
2/24/2006,8000
2/23/2006,8045
2/22/2006,8050
2/21/2006,8035
2/20/2006,8060
2/18/2006,8020
2/17/2006,7935
2/16/2006,7800
2/15/2006,7880
2/14/2006,7825
2/13/2006,7930
2/11/2006,7980
2/10/2006,8075
2/9/2006,8065
2/8/2006,7950
2/7/2006,8200
2/6/2006,8270
2/4/2006,8200
2/3/2006,8240
2/1/2006,8190
1/31/2006,8205
1/30/2006,8080
1/28/2006,8080
1/27/2006,8060
1/25/2006,8080
1/24/2006,8060
1/23/2006,8050
1/21/2006,8010
1/20/2006,8090
1/19/2006,7955
1/18/2006,7930
1/17/2006,8110
1/16/2006,8090
1/14/2006,8010
1/13/2006,7925
1/12/2006,7915
1/11/2006,7885
1/10/2006,7900
1/9/2006,7845
1/7/2006,7870
1/6/2006,7750
1/5/2006,7785
1/4/2006,7835
1/3/2006,7660
1/2/2006,7640
12/31/2005,7635
12/30/2005,7580
12/29/2005,7645
12/28/2005,7540
12/27/2005,7510
12/26/2005,7470
12/24/2005,7450
12/23/2005,7460
12/22/2005,7350
12/21/2005,7340
12/20/2005,7500
12/19/2005,7500
12/17/2005,7470
12/16/2005,7480
12/15/2005,7490
12/14/2005,7700
12/13/2005,7870
12/12/2005,8110
12/10/2005,7945
12/9/2005,7880
12/8/2005,7850
12/7/2005,7755
12/6/2005,7675
12/5/2005,7655
12/3/2005,7610
12/2/2005,7625
12/1/2005,7445
11/30/2005,7430
11/29/2005,7475
11/28/2005,7480
11/26/2005,7440
11/25/2005,7410
11/24/2005,7375
11/23/2005,7320
11/22/2005,7400
11/21/2005,7315
11/19/2005,7280
11/18/2005,7305
11/17/2005,7200
11/16/2005,7065
11/15/2005,7020
11/14/2005,7035
11/12/2005,7020
11/11/2005,6980
11/10/2005,6995
11/9/2005,6935
11/8/2005,6890
11/7/2005,6890
11/5/2005,6910
11/2/2005,6841
10/31/2005,6990
10/29/2005,6990
10/28/2005,6995
10/27/2005,6980
10/26/2005,6970
10/25/2005,6915
10/24/2005,6885
10/22/2005,6890
10/21/2005,6840